student_id,study_hours_per_week,attendance_rate,discussion_posts,quizzes_completed,average_quiz_score,previous_grade,completed_projects,performance_score,final_grade
STU1000,11.7,85.5,44,5,75.3,2.56,4,0.617,1
STU1001,26.7,41.5,92,8,65.2,3.55,2,0.841,2
STU1002,21.0,41.3,12,9,45.1,3.18,3,0.568,1
STU1003,17.6,59.4,50,9,65.0,3.86,1,0.59,1
STU1004,6.1,69.3,39,9,38.4,3.3,1,0.496,1
STU1005,6.1,86.2,65,8,54.5,3.05,1,0.538,1
STU1006,3.5,81.0,70,9,64.1,3.14,1,0.525,1
STU1007,24.5,66.8,9,5,55.8,3.87,2,0.61,1
STU1008,17.6,56.4,35,8,52.9,3.53,3,0.584,1
STU1009,20.4,99.8,49,9,84.6,1.85,5,0.665,1
STU1010,2.5,65.6,57,8,44.2,2.98,0,0.606,1
STU1011,27.2,67.1,77,6,62.0,3.31,4,0.809,2
STU1012,23.6,49.8,66,10,45.0,3.45,2,0.692,1
STU1013,7.5,87.7,32,10,66.0,2.27,1,0.529,1
STU1014,6.7,81.6,5,5,43.7,3.71,1,0.516,1
STU1015,6.8,53.2,51,7,29.2,3.9,0,0.581,1
STU1016,9.9,44.9,70,3,52.8,2.32,0,0.463,1
STU1017,15.6,80.8,31,9,64.6,3.74,5,0.683,1
STU1018,13.2,79.3,89,3,60.2,2.01,3,0.666,1
STU1019,9.6,56.4,60,8,40.8,1.92,1,0.458,1
STU1020,17.9,97.1,68,3,63.1,2.08,5,0.675,1
STU1021,5.6,49.1,76,5,39.7,1.93,0,0.444,1
STU1022,9.6,65.9,46,5,51.5,3.66,3,0.509,1
STU1023,11.5,96.6,5,4,67.3,1.93,3,0.356,0
STU1024,13.9,65.2,27,10,52.2,2.4,3,0.506,1
STU1025,22.4,78.3,28,9,69.9,2.03,5,0.703,1
STU1026,7.2,63.9,47,4,51.8,2.45,2,0.476,1
STU1027,15.4,56.5,65,3,49.9,2.0,1,0.557,1
STU1028,17.4,99.0,92,7,75.0,3.27,4,0.764,2
STU1029,3.2,64.6,52,4,42.4,2.09,0,0.452,1
STU1030,17.8,93.6,51,4,75.6,3.67,4,0.716,1
STU1031,6.4,53.8,7,5,53.0,3.6,0,0.424,1
STU1032,3.7,52.8,60,7,14.3,1.83,1,0.39,0
STU1033,26.7,41.9,16,8,63.9,3.77,3,0.56,1
STU1034,27.1,79.1,31,3,73.2,1.86,5,0.582,1
STU1035,23.0,62.1,43,4,56.2,2.33,5,0.534,1
STU1036,9.9,91.9,38,7,56.2,1.87,3,0.584,1
STU1037,4.5,68.4,43,10,41.6,2.54,3,0.453,1
STU1038,19.8,98.1,36,9,79.7,2.93,5,0.862,2
STU1039,13.4,51.1,88,7,30.6,3.55,0,0.557,1
STU1040,5.2,92.1,7,10,48.4,2.54,1,0.37,0
STU1041,14.9,86.6,69,3,68.4,3.35,2,0.598,1
STU1042,2.9,86.3,19,7,38.7,2.21,0,0.382,0
STU1043,25.6,90.7,74,10,72.7,3.45,5,0.892,2
STU1044,8.7,85.7,30,7,33.4,2.32,3,0.411,0
STU1045,19.2,77.6,78,7,61.0,2.12,3,0.69,1
STU1046,10.1,47.9,60,9,27.6,2.21,1,0.491,1
STU1047,15.5,42.0,48,10,34.4,2.2,1,0.44,1
STU1048,16.2,95.3,18,10,69.2,2.93,4,0.777,2
STU1049,6.8,77.0,23,4,42.7,3.66,2,0.428,1
STU1050,27.2,87.8,69,3,73.0,1.98,5,0.665,1
STU1051,22.2,68.9,70,9,46.5,3.36,5,0.635,1
STU1052,26.4,47.0,38,7,66.2,3.24,4,0.738,2
STU1053,25.3,47.5,50,7,69.2,3.72,4,0.702,1
STU1054,17.5,81.1,14,4,62.9,2.34,3,0.501,1
STU1055,26.0,65.8,35,3,69.2,2.79,4,0.549,1
STU1056,4.3,52.0,87,5,32.5,3.84,0,0.448,1
STU1057,7.1,69.5,54,9,61.2,3.25,1,0.688,1
STU1058,3.2,43.9,88,4,11.0,2.66,1,0.232,0
STU1059,10.5,74.9,52,3,49.0,2.09,0,0.404,0
STU1060,12.1,56.1,4,9,29.0,2.38,2,0.514,1
STU1061,9.1,87.9,43,7,61.1,3.08,3,0.649,1
STU1062,23.5,58.6,33,3,63.2,3.38,4,0.582,1
STU1063,11.3,67.3,52,3,52.6,2.07,2,0.471,1
STU1064,9.3,40.7,86,8,35.8,3.12,2,0.542,1
STU1065,16.1,44.3,47,3,56.2,3.01,1,0.494,1
STU1066,5.7,63.5,22,5,45.7,2.93,1,0.499,1
STU1067,22.9,68.8,45,3,77.0,3.32,4,0.688,1
STU1068,3.9,76.0,12,5,33.3,3.64,0,0.458,1
STU1069,27.7,57.5,69,7,82.2,2.51,3,0.737,2
STU1070,22.1,81.7,2,5,66.7,3.76,4,0.521,1
STU1071,7.2,91.6,93,9,49.9,2.15,2,0.523,1
STU1072,2.1,86.8,64,7,49.3,2.18,0,0.396,0
STU1073,23.2,42.4,25,7,59.0,2.39,1,0.512,1
STU1074,20.4,68.8,14,5,54.3,2.06,3,0.64,1
STU1075,21.0,46.3,12,10,52.8,2.31,1,0.533,1
STU1076,22.1,54.5,52,4,75.2,2.03,3,0.575,1
STU1077,3.9,99.2,18,6,40.8,3.61,1,0.55,1
STU1078,11.3,48.5,83,10,56.1,2.11,2,0.46,1
STU1079,5.0,69.9,87,3,40.1,3.44,1,0.467,1
STU1080,24.4,77.1,25,8,51.8,1.91,5,0.586,1
STU1081,18.2,82.1,20,6,54.7,3.89,5,0.669,1
STU1082,10.6,73.6,38,3,43.1,3.36,1,0.531,1
STU1083,3.7,40.6,86,10,19.5,1.81,0,0.408,0
STU1084,10.1,59.6,9,10,43.9,3.48,2,0.515,1
STU1085,10.5,71.1,29,3,24.2,2.93,3,0.407,0
STU1086,21.0,45.3,6,7,56.0,3.51,3,0.568,1
STU1087,18.6,61.0,18,3,47.8,2.95,1,0.43,1
STU1088,25.1,42.0,37,8,72.5,3.21,3,0.69,1
STU1089,14.3,44.7,20,10,41.1,3.53,0,0.459,1
STU1090,5.1,63.8,65,3,49.0,2.69,0,0.353,0
STU1091,20.5,48.0,92,5,65.9,1.81,3,0.606,1
STU1092,21.8,74.1,12,6,80.5,3.67,4,0.553,1
STU1093,16.6,81.4,55,5,59.9,2.64,2,0.684,1
STU1094,22.0,88.0,46,8,71.3,2.89,5,0.78,2
STU1095,14.8,52.0,48,3,46.0,1.82,4,0.472,1
STU1096,15.6,50.0,13,9,54.8,2.88,4,0.424,1
STU1097,13.1,46.3,22,8,37.7,3.97,0,0.438,1
STU1098,2.7,78.2,12,7,41.9,2.41,0,0.362,0
STU1099,4.8,82.4,93,5,51.1,2.67,1,0.515,1
STU1100,2.8,41.9,6,5,16.1,3.31,0,0.16,0
STU1101,18.5,96.2,82,4,66.2,3.59,5,0.679,1
STU1102,10.2,43.1,57,3,35.2,2.72,1,0.385,0
STU1103,15.2,72.5,21,7,58.8,2.48,4,0.466,1
STU1104,25.6,82.5,42,9,84.0,3.86,5,0.902,2
STU1105,8.5,92.3,47,5,65.6,3.29,2,0.6,1
STU1106,12.7,82.8,13,5,49.4,2.06,4,0.427,1
STU1107,21.6,88.1,71,7,68.4,1.95,5,0.781,2
STU1108,7.9,60.4,18,8,32.4,2.86,1,0.465,1
STU1109,4.0,88.9,20,8,64.6,2.28,1,0.471,1
STU1110,9.5,44.8,27,3,35.5,2.36,0,0.324,0
STU1111,6.2,93.7,49,10,56.3,3.73,3,0.604,1
STU1112,26.2,72.9,53,4,76.3,2.0,5,0.644,1
STU1113,23.0,89.0,71,5,71.9,3.37,5,0.695,1
STU1114,18.5,67.1,56,10,76.9,2.4,3,0.752,2
STU1115,24.7,78.6,76,10,80.4,3.47,5,0.813,2
STU1116,22.9,71.6,34,4,70.5,3.39,4,0.661,1
STU1117,6.9,83.9,63,10,41.2,1.82,2,0.456,1
STU1118,25.2,44.9,89,10,48.6,2.92,3,0.694,1
STU1119,16.0,43.6,24,8,42.8,2.11,1,0.607,1
STU1120,23.0,54.8,16,8,54.9,3.71,5,0.596,1
STU1121,25.3,49.6,28,6,52.1,3.72,2,0.701,1
STU1122,10.3,92.3,76,9,57.8,2.72,3,0.643,1
STU1123,4.9,53.2,65,3,31.7,2.78,0,0.415,0
STU1124,7.9,98.6,82,10,62.6,2.47,3,0.726,2
STU1125,13.1,60.2,52,6,44.7,3.38,2,0.555,1
STU1126,23.3,50.9,54,9,50.3,2.59,2,0.595,1
STU1127,24.4,87.4,79,6,70.5,2.39,5,0.749,2
STU1128,2.2,79.5,92,6,55.2,2.75,0,0.501,1
STU1129,15.3,69.9,83,3,45.3,2.0,1,0.636,1
STU1130,12.9,73.3,93,3,59.6,3.44,2,0.533,1
STU1131,7.8,83.2,52,7,58.4,1.83,2,0.39,0
STU1132,5.1,53.7,48,4,33.3,3.22,0,0.281,0
STU1133,10.8,99.8,5,4,83.7,2.2,2,0.454,1
STU1134,26.5,98.5,8,7,94.0,2.31,5,0.773,2
STU1135,10.4,79.0,36,7,73.5,3.2,0,0.597,1
STU1136,15.5,52.0,49,8,42.7,3.98,3,0.557,1
STU1137,20.3,80.8,74,9,64.5,3.51,4,0.762,2
STU1138,11.5,44.3,73,6,44.6,2.3,1,0.399,0
STU1139,27.3,41.8,46,10,59.2,2.19,3,0.575,1
STU1140,27.0,55.5,82,7,85.1,3.71,3,0.831,2
STU1141,8.5,67.8,82,5,50.1,2.78,0,0.574,1
STU1142,14.9,92.1,73,4,58.0,2.1,4,0.585,1
STU1143,9.8,83.6,20,7,39.2,3.7,3,0.63,1
STU1144,9.4,84.6,64,5,55.6,3.6,3,0.657,1
STU1145,3.0,65.5,39,5,36.3,3.96,0,0.517,1
STU1146,17.8,60.8,68,5,60.3,3.8,3,0.632,1
STU1147,15.1,62.3,60,8,65.8,3.67,2,0.729,2
STU1148,3.3,99.3,70,8,65.4,1.92,0,0.653,1
STU1149,9.2,42.4,14,10,29.3,2.03,0,0.319,0
STU1150,25.6,92.0,48,10,71.5,3.05,5,0.793,2
STU1151,8.2,74.7,62,5,37.4,2.97,1,0.433,1
STU1152,5.8,66.3,32,9,34.4,2.81,2,0.373,0
STU1153,14.7,83.5,81,8,60.2,2.67,2,0.588,1
STU1154,27.6,69.2,23,6,79.1,2.75,5,0.644,1
STU1155,8.3,92.4,94,5,50.6,3.05,1,0.617,1
STU1156,19.5,94.0,87,6,79.0,1.8,5,0.682,1
STU1157,21.8,65.3,44,6,69.0,2.37,4,0.639,1
STU1158,8.2,56.6,68,5,42.0,2.94,2,0.494,1
STU1159,20.9,75.5,55,4,57.9,3.39,4,0.636,1
STU1160,11.6,94.7,11,9,69.4,2.18,2,0.538,1
STU1161,18.4,52.6,43,5,74.8,3.0,2,0.543,1
STU1162,18.5,77.4,65,10,68.9,3.37,4,0.718,1
STU1163,15.9,77.9,22,5,33.3,2.78,5,0.479,1
STU1164,4.3,84.0,81,8,60.9,1.86,0,0.514,1
STU1165,23.7,47.9,77,5,52.5,2.79,4,0.607,1
STU1166,10.3,82.9,67,4,79.6,2.45,2,0.503,1
STU1167,6.8,94.5,42,8,58.7,3.85,3,0.643,1
STU1168,3.1,50.8,25,10,13.1,2.07,1,0.348,0
STU1169,17.4,54.3,36,3,32.5,3.24,2,0.551,1
STU1170,19.6,98.3,57,3,94.0,1.92,5,0.626,1
STU1171,2.4,50.9,31,6,40.1,2.78,0,0.308,0
STU1172,15.3,91.3,58,9,90.9,3.02,4,0.746,2
STU1173,7.9,69.5,48,6,46.7,2.46,1,0.425,1
STU1174,18.8,54.8,36,4,55.0,2.8,3,0.566,1
STU1175,6.5,92.2,20,7,52.1,2.16,1,0.479,1
STU1176,20.0,66.7,9,10,56.7,2.47,5,0.62,1
STU1177,12.1,70.9,27,9,49.6,3.17,0,0.606,1
STU1178,26.4,61.6,72,10,72.5,2.46,5,0.8,2
STU1179,5.6,75.6,31,3,37.7,3.78,1,0.446,1
STU1180,10.9,49.8,8,6,24.5,3.18,1,0.367,0
STU1181,5.0,63.5,68,10,40.8,2.77,1,0.486,1
STU1182,26.0,98.2,66,3,79.5,1.89,5,0.672,1
STU1183,24.8,55.5,37,4,32.6,2.9,2,0.444,1
STU1184,8.7,79.4,26,4,58.3,3.48,3,0.539,1
STU1185,19.2,59.5,38,7,47.4,2.38,2,0.611,1
STU1186,23.2,86.4,2,10,84.7,3.57,5,0.721,2
STU1187,16.4,47.9,16,7,55.0,2.35,2,0.561,1
STU1188,15.8,98.2,38,8,75.6,3.61,3,0.692,1
STU1189,8.3,67.2,14,9,71.0,1.99,0,0.318,0
STU1190,4.4,54.2,9,10,32.3,3.71,1,0.462,1
STU1191,25.3,44.4,6,4,57.3,2.9,2,0.492,1
STU1192,25.4,50.2,61,6,70.0,2.45,3,0.709,1
STU1193,18.5,71.2,74,3,62.7,2.38,5,0.548,1
STU1194,10.8,60.2,2,5,57.9,2.75,0,0.425,1
STU1195,11.1,89.7,37,7,48.8,4.0,2,0.552,1
STU1196,20.9,65.9,36,5,51.7,2.28,4,0.577,1
STU1197,25.3,54.9,67,10,73.1,2.03,3,0.738,2
STU1198,25.1,77.0,64,6,64.5,3.09,5,0.776,2
STU1199,22.3,82.4,24,7,80.7,2.87,5,0.696,1
STU1200,18.7,50.0,10,5,56.8,2.95,4,0.428,1
STU1201,4.2,50.1,35,9,24.4,3.27,0,0.43,1
STU1202,6.2,42.2,47,6,34.1,2.39,0,0.414,0
STU1203,25.4,84.2,79,3,67.8,3.8,5,0.73,2
STU1204,17.8,79.8,5,9,56.6,2.76,3,0.521,1
STU1205,2.2,68.5,31,6,35.2,2.08,1,0.406,0
STU1206,4.6,90.7,76,8,53.1,3.43,2,0.584,1
STU1207,19.3,88.3,73,7,70.0,3.21,4,0.691,1
STU1208,2.1,75.1,4,4,45.1,2.49,1,0.341,0
STU1209,6.2,92.1,15,3,59.2,3.17,1,0.416,0
STU1210,16.3,52.4,61,10,65.9,2.28,3,0.607,1
STU1211,20.0,46.7,78,9,52.4,2.78,5,0.633,1
STU1212,19.0,56.2,46,9,68.5,3.78,2,0.637,1
STU1213,7.8,43.4,35,5,42.7,2.09,0,0.406,0
STU1214,20.5,71.9,46,7,89.6,2.65,4,0.535,1
STU1215,8.2,96.2,62,10,59.1,3.61,2,0.687,1
STU1216,10.5,42.4,84,4,32.7,3.93,0,0.553,1
STU1217,21.4,47.3,17,6,68.4,2.8,1,0.493,1
STU1218,18.9,67.1,67,4,65.8,2.92,4,0.694,1
STU1219,24.1,96.0,41,7,97.0,3.06,5,0.737,2
STU1220,19.1,59.0,18,7,65.3,3.85,1,0.548,1
STU1221,16.8,70.4,35,8,39.3,3.69,3,0.554,1
STU1222,4.4,42.5,17,8,31.7,2.18,0,0.353,0
STU1223,11.6,48.9,61,4,44.9,2.76,2,0.364,0
STU1224,8.9,99.2,67,6,64.3,2.82,2,0.705,1
STU1225,8.3,97.9,67,4,60.1,3.54,0,0.567,1
STU1226,27.3,40.3,91,7,45.2,3.13,1,0.713,1
STU1227,12.2,97.1,14,7,75.6,3.24,3,0.636,1
STU1228,25.2,78.3,57,5,80.7,4.0,5,0.802,2
STU1229,18.4,92.1,32,8,84.7,1.96,4,0.618,1
STU1230,22.7,67.3,35,10,52.3,2.29,4,0.707,1
STU1231,15.1,70.9,40,10,63.1,2.7,3,0.574,1
STU1232,17.0,69.3,68,10,57.8,2.57,4,0.615,1
STU1233,14.8,80.0,9,5,63.7,1.85,3,0.537,1
STU1234,7.1,48.4,88,3,32.6,2.0,2,0.416,0
STU1235,20.8,41.8,79,10,57.5,3.3,0,0.73,2
STU1236,9.3,58.5,56,7,41.6,3.73,2,0.525,1
STU1237,2.6,82.3,28,5,34.6,2.93,1,0.356,0
STU1238,18.8,52.1,94,4,55.1,2.99,1,0.623,1
STU1239,6.6,80.4,54,8,48.0,2.36,0,0.456,1
STU1240,26.5,98.2,40,8,87.9,3.49,5,0.797,2
STU1241,26.8,45.6,66,6,31.1,3.45,3,0.697,1
STU1242,25.8,80.4,18,4,85.7,3.09,5,0.807,2
STU1243,11.6,66.6,31,6,47.6,2.27,2,0.444,1
STU1244,2.4,92.1,54,5,36.2,2.01,0,0.346,0
STU1245,26.1,50.6,14,9,73.7,1.94,3,0.585,1
STU1246,13.1,81.6,22,10,66.8,3.1,3,0.636,1
STU1247,27.1,90.3,20,3,82.6,3.62,5,0.756,2
STU1248,27.1,96.7,54,4,77.4,3.69,5,0.884,2
STU1249,24.2,81.0,20,4,78.5,2.82,4,0.694,1
STU1250,9.7,69.8,58,4,50.6,3.53,3,0.476,1
STU1251,12.0,77.1,26,6,65.8,3.88,2,0.546,1
STU1252,24.1,92.1,87,5,77.8,2.41,5,0.698,1
STU1253,10.2,74.2,32,4,64.4,2.68,1,0.546,1
STU1254,6.4,41.8,82,9,25.1,3.85,0,0.372,0
STU1255,16.5,95.9,56,4,59.2,2.54,5,0.563,1
STU1256,26.3,81.4,24,8,68.9,3.81,5,0.73,2
STU1257,20.1,80.6,33,10,69.8,3.96,5,0.779,2
STU1258,16.8,52.9,63,3,51.0,3.26,1,0.507,1
STU1259,4.5,79.5,75,10,49.8,3.6,4,0.592,1
STU1260,18.0,63.6,11,8,57.9,3.45,4,0.566,1
STU1261,27.7,79.1,73,8,90.9,3.34,5,0.868,2
STU1262,5.6,46.4,55,3,29.1,2.48,0,0.261,0
STU1263,15.5,79.5,53,9,43.0,1.93,3,0.514,1
STU1264,24.8,100.0,21,5,86.0,2.55,5,0.819,2
STU1265,21.3,42.9,33,8,33.3,3.27,2,0.568,1
STU1266,20.1,98.6,15,5,82.2,2.03,5,0.68,1
STU1267,20.3,64.4,51,8,73.2,1.83,2,0.605,1
STU1268,11.3,92.2,29,7,53.3,2.11,2,0.507,1
STU1269,9.6,86.9,54,3,72.1,3.37,4,0.622,1
STU1270,23.0,74.0,25,8,80.0,3.94,4,0.774,2
STU1271,23.1,84.3,80,7,88.8,3.96,5,0.903,2
STU1272,24.5,92.7,23,10,85.1,2.89,5,0.76,2
STU1273,25.7,64.2,31,6,60.8,3.71,5,0.753,2
STU1274,15.3,59.6,64,7,60.6,3.42,1,0.453,1
STU1275,15.0,80.1,5,4,56.3,2.9,3,0.56,1
STU1276,22.8,88.5,78,8,79.5,3.06,5,0.784,2
STU1277,18.9,85.7,60,7,69.5,2.1,4,0.696,1
STU1278,20.3,87.9,88,5,85.6,3.86,5,0.779,2
STU1279,22.7,66.1,9,6,74.4,2.57,4,0.516,1
STU1280,25.1,89.1,83,9,81.4,2.78,5,0.861,2
STU1281,10.8,47.2,13,8,20.3,3.28,1,0.309,0
STU1282,11.8,72.7,32,4,47.6,2.53,3,0.452,1
STU1283,4.4,40.3,79,9,33.9,2.36,1,0.373,0
STU1284,17.0,59.5,35,7,58.1,3.19,1,0.546,1
STU1285,2.9,62.0,83,9,20.4,1.85,1,0.462,1
STU1286,14.1,63.8,76,9,35.0,3.39,3,0.589,1
STU1287,16.1,81.7,77,6,67.0,2.93,4,0.7,1
STU1288,9.5,63.3,50,10,35.3,3.13,0,0.548,1
STU1289,17.4,66.9,80,9,49.9,3.19,3,0.637,1
STU1290,2.8,54.3,58,9,38.0,2.96,0,0.389,0
STU1291,3.0,62.4,94,8,47.7,3.08,2,0.612,1
STU1292,23.4,53.6,27,10,54.4,3.3,4,0.644,1
STU1293,11.4,44.4,19,6,38.8,3.46,2,0.464,1
STU1294,5.3,76.2,87,4,45.3,3.4,1,0.558,1
STU1295,15.6,80.1,39,7,61.8,3.71,4,0.579,1
STU1296,22.0,77.2,82,6,72.0,2.22,3,0.652,1
STU1297,7.6,67.8,88,6,52.9,2.68,1,0.554,1
STU1298,18.2,62.8,89,3,51.9,3.89,3,0.537,1
STU1299,4.2,91.8,51,6,37.0,2.67,0,0.444,1
STU1300,3.3,71.1,9,10,57.5,2.07,1,0.343,0
STU1301,15.8,68.8,42,3,69.0,2.96,3,0.628,1
STU1302,16.1,41.5,7,7,33.8,2.04,2,0.41,0
STU1303,18.6,60.5,70,9,59.5,2.25,3,0.698,1
STU1304,20.9,62.8,45,8,72.8,4.0,3,0.7,1
STU1305,27.4,63.9,65,8,80.5,2.99,4,0.763,2
STU1306,15.4,74.8,30,7,65.2,2.42,3,0.543,1
STU1307,10.4,72.0,29,7,49.9,3.99,1,0.507,1
STU1308,22.7,76.5,12,10,89.5,3.93,4,0.906,2
STU1309,9.0,85.9,66,5,58.7,2.77,1,0.597,1
STU1310,13.4,88.8,20,9,59.4,2.37,3,0.5,1
STU1311,4.0,83.1,10,7,56.3,3.64,1,0.625,1
STU1312,2.7,97.3,28,6,53.6,3.37,1,0.46,1
STU1313,27.0,41.1,35,10,64.6,3.31,3,0.694,1
STU1314,23.7,51.7,45,8,63.5,3.76,3,0.737,2
STU1315,20.1,40.5,69,4,55.3,3.32,3,0.499,1
STU1316,12.6,78.8,83,10,48.6,2.42,3,0.583,1
STU1317,6.5,93.9,16,8,42.2,3.33,0,0.583,1
STU1318,6.1,54.6,52,3,50.7,2.47,1,0.379,0
STU1319,8.5,95.6,14,10,63.1,3.47,3,0.65,1
STU1320,16.3,43.6,84,8,53.9,3.16,4,0.601,1
STU1321,20.6,96.1,50,5,61.3,1.97,5,0.649,1
STU1322,19.2,61.1,71,10,70.0,2.93,3,0.799,2
STU1323,9.3,46.1,57,10,31.7,2.56,0,0.473,1
STU1324,26.8,69.2,77,9,66.8,2.52,4,0.742,2
STU1325,21.2,55.4,52,7,58.8,3.12,2,0.58,1
STU1326,16.4,57.1,38,9,43.4,2.51,2,0.493,1
STU1327,17.9,58.4,18,10,56.1,3.51,4,0.681,1
STU1328,12.9,88.2,59,7,62.1,1.96,2,0.621,1
STU1329,8.4,72.3,88,8,59.4,3.25,1,0.535,1
STU1330,11.3,58.7,91,4,61.4,3.58,1,0.59,1
STU1331,21.7,76.6,30,4,85.7,3.28,5,0.676,1
STU1332,2.4,83.0,34,10,22.4,2.89,0,0.443,1
STU1333,5.0,56.4,61,5,26.4,3.89,0,0.402,0
STU1334,3.2,64.8,92,3,14.5,2.46,1,0.461,1
STU1335,3.1,47.3,90,8,16.3,1.84,0,0.37,0
STU1336,24.2,50.9,56,7,55.3,2.75,4,0.665,1
STU1337,20.3,80.9,11,10,75.0,1.87,5,0.579,1
STU1338,14.3,50.9,48,8,41.7,3.9,2,0.519,1
STU1339,4.5,71.5,24,10,37.6,2.26,0,0.558,1
STU1340,14.8,82.5,86,5,65.3,3.54,3,0.798,2
STU1341,14.3,46.4,22,6,27.6,3.5,2,0.45,1
STU1342,6.5,74.0,14,6,38.4,2.28,0,0.46,1
STU1343,13.3,55.4,34,5,42.6,3.17,0,0.532,1
STU1344,12.4,97.8,25,7,65.4,1.91,5,0.531,1
STU1345,18.0,69.0,12,9,62.3,2.86,3,0.536,1
STU1346,18.5,88.4,18,5,87.0,1.83,3,0.622,1
STU1347,3.2,73.0,69,10,50.4,3.83,0,0.567,1
STU1348,11.7,42.6,48,7,31.2,3.95,3,0.486,1
STU1349,18.3,78.0,26,4,63.8,2.29,5,0.611,1
STU1350,15.1,97.1,74,5,67.9,2.26,3,0.562,1
STU1351,24.3,76.1,22,7,69.3,3.46,5,0.71,1
STU1352,19.1,89.2,85,5,76.0,2.36,4,0.638,1
STU1353,6.2,93.1,84,5,37.3,3.77,1,0.507,1
STU1354,3.8,53.7,84,9,41.4,3.06,0,0.441,1
STU1355,18.7,52.7,13,9,71.4,2.57,4,0.587,1
STU1356,2.7,76.7,38,10,39.7,3.63,1,0.45,1
STU1357,17.2,64.7,43,7,55.3,2.89,3,0.51,1
STU1358,26.4,90.4,18,7,86.4,3.81,5,0.815,2
STU1359,17.0,94.0,49,3,82.6,3.84,5,0.803,2
STU1360,12.1,61.2,29,5,45.5,2.16,3,0.479,1
STU1361,18.7,54.2,42,6,64.5,1.81,2,0.627,1
STU1362,13.9,86.8,48,5,69.2,3.96,3,0.74,2
STU1363,16.2,56.5,19,5,76.1,3.79,3,0.543,1
STU1364,26.5,89.4,79,7,81.1,1.92,5,0.825,2
STU1365,12.0,65.4,72,5,31.0,3.63,2,0.546,1
STU1366,27.0,80.1,14,8,66.2,2.81,5,0.762,2
STU1367,25.5,45.7,83,5,61.3,2.37,2,0.633,1
STU1368,7.1,77.4,14,8,59.6,3.73,1,0.46,1
STU1369,3.8,67.1,32,9,32.7,2.23,0,0.46,1
STU1370,4.6,75.2,3,6,42.2,3.88,2,0.454,1
STU1371,2.5,50.1,17,10,35.6,2.25,0,0.283,0
STU1372,4.5,84.2,10,7,39.1,3.15,2,0.404,0
STU1373,19.8,91.8,74,5,69.4,2.29,5,0.663,1
STU1374,3.9,53.0,39,8,20.6,3.0,0,0.307,0
STU1375,10.3,45.7,76,8,50.1,3.3,3,0.528,1
STU1376,24.0,41.4,55,9,72.1,2.22,3,0.653,1
STU1377,2.6,78.5,57,8,27.4,2.95,0,0.447,1
STU1378,23.2,76.4,87,10,71.6,2.83,4,0.765,2
STU1379,9.3,72.8,88,4,64.5,1.96,2,0.621,1
STU1380,5.1,53.9,46,3,38.6,3.6,1,0.285,0
STU1381,20.1,63.5,35,10,57.0,2.54,5,0.649,1
STU1382,18.4,75.7,10,6,49.9,3.06,3,0.545,1
STU1383,24.8,69.8,89,10,83.7,2.93,3,0.75,2
STU1384,21.1,99.3,9,9,84.9,2.93,5,0.742,2
STU1385,22.9,48.2,8,9,43.7,2.04,2,0.486,1
STU1386,9.3,81.7,37,10,66.8,2.73,3,0.652,1
STU1387,6.6,64.3,19,5,26.0,2.8,1,0.414,0
STU1388,21.5,65.7,4,4,62.9,3.41,3,0.682,1
STU1389,23.0,83.1,29,5,73.3,3.65,5,0.682,1
STU1390,27.8,81.5,71,5,98.6,3.0,5,0.909,2
STU1391,12.7,99.5,45,10,66.2,1.99,3,0.552,1
STU1392,11.7,47.7,22,7,38.7,2.32,2,0.399,0
STU1393,22.2,46.2,29,7,42.8,2.16,2,0.479,1
STU1394,10.9,83.5,55,7,51.6,2.07,2,0.567,1
STU1395,26.2,74.7,55,4,68.5,2.6,5,0.734,2
STU1396,24.3,56.4,66,5,57.1,2.3,5,0.589,1
STU1397,13.2,44.8,22,3,42.2,2.28,1,0.406,0
STU1398,21.5,45.1,14,6,30.5,1.92,1,0.403,0
STU1399,21.6,93.7,58,7,64.2,1.84,5,0.641,1
STU1400,4.7,51.5,50,7,31.7,2.03,0,0.351,0
STU1401,25.5,59.4,55,9,69.1,2.18,3,0.585,1
STU1402,15.1,53.6,11,5,47.2,2.75,1,0.489,1
STU1403,23.5,61.3,54,5,65.5,2.92,3,0.644,1
STU1404,10.3,44.2,45,4,33.5,2.11,1,0.364,0
STU1405,25.3,71.1,48,4,73.3,2.73,5,0.681,1
STU1406,12.1,44.1,54,7,44.5,2.55,0,0.551,1
STU1407,2.3,88.0,75,5,51.7,2.2,0,0.552,1
STU1408,25.5,54.0,47,3,58.4,1.82,2,0.63,1
STU1409,4.4,72.4,14,6,51.9,2.83,0,0.385,0
STU1410,10.3,92.8,38,10,63.4,3.31,3,0.564,1
STU1411,26.7,79.1,25,5,91.9,2.3,5,0.696,1
STU1412,26.7,72.0,3,9,90.4,2.09,5,0.695,1
STU1413,16.9,59.5,87,10,40.7,3.75,3,0.736,2
STU1414,18.4,60.0,82,5,49.0,2.41,1,0.594,1
STU1415,13.7,80.2,15,8,68.7,2.29,4,0.49,1
STU1416,9.6,99.6,11,4,47.6,3.69,2,0.488,1
STU1417,10.5,79.7,36,9,69.9,3.6,3,0.579,1
STU1418,19.5,73.5,26,6,62.5,2.79,3,0.623,1
STU1419,21.6,83.8,4,7,80.0,2.88,5,0.689,1
STU1420,22.6,67.9,18,9,66.7,2.28,4,0.659,1
STU1421,22.5,43.6,13,5,41.7,1.97,2,0.467,1
STU1422,4.4,73.7,55,7,54.0,3.06,1,0.368,0
STU1423,14.9,97.5,25,5,98.5,2.02,4,0.511,1
STU1424,3.5,50.5,30,7,25.4,2.79,2,0.344,0
STU1425,16.3,81.4,44,6,61.9,3.87,2,0.65,1
STU1426,13.5,52.1,26,4,19.8,3.9,3,0.536,1
STU1427,25.1,72.1,61,6,87.2,2.33,5,0.734,2
STU1428,11.1,45.8,91,8,48.7,3.17,2,0.512,1
STU1429,5.0,67.0,66,3,23.7,2.84,2,0.456,1
STU1430,5.7,85.4,85,4,30.6,3.73,2,0.548,1
STU1431,21.8,60.9,29,6,43.6,2.4,4,0.531,1
STU1432,18.1,79.9,17,8,73.5,1.81,5,0.492,1
STU1433,4.6,87.7,48,3,58.3,2.16,0,0.431,1
STU1434,4.2,95.6,82,8,44.9,2.57,1,0.564,1
STU1435,20.2,54.1,93,5,62.4,2.49,2,0.571,1
STU1436,3.9,64.0,59,10,39.4,3.54,1,0.549,1
STU1437,23.4,49.1,77,5,56.0,3.3,4,0.71,1
STU1438,20.4,99.5,28,7,90.0,2.46,5,0.713,1
STU1439,4.1,95.6,54,4,41.9,2.81,1,0.473,1
STU1440,4.2,72.4,43,5,54.0,2.01,0,0.448,1
STU1441,27.7,90.5,60,9,79.5,3.78,5,0.894,2
STU1442,11.7,71.3,48,8,71.0,3.86,3,0.591,1
STU1443,11.6,77.4,35,4,46.1,3.96,2,0.529,1
STU1444,23.1,45.3,38,10,53.9,3.71,2,0.678,1
STU1445,26.6,85.3,7,9,83.2,2.18,5,0.58,1
STU1446,27.6,47.7,8,5,65.8,1.9,4,0.492,1
STU1447,21.6,89.6,26,7,82.1,3.08,5,0.755,2
STU1448,11.8,86.9,34,6,48.3,3.81,1,0.639,1
STU1449,4.2,82.5,56,7,47.1,2.19,0,0.51,1
STU1450,22.2,42.2,59,9,55.8,1.82,3,0.634,1
STU1451,16.5,58.2,8,3,48.6,3.57,2,0.488,1
STU1452,13.0,55.8,58,5,51.5,1.97,3,0.423,1
STU1453,25.6,61.6,13,9,55.7,2.71,3,0.605,1
STU1454,4.9,45.3,17,3,26.7,3.29,0,0.179,0
STU1455,14.8,96.2,81,3,62.8,2.32,3,0.708,1
STU1456,2.3,73.2,44,8,36.8,1.98,0,0.331,0
STU1457,14.2,58.3,78,4,64.9,3.49,3,0.579,1
STU1458,3.5,63.8,8,8,51.8,3.19,0,0.455,1
STU1459,5.1,66.8,52,5,53.8,3.97,1,0.404,0
STU1460,5.1,76.0,74,3,41.0,2.56,1,0.379,0
STU1461,18.9,70.9,33,10,72.9,1.94,2,0.614,1
STU1462,21.4,95.2,76,9,80.8,3.42,5,0.867,2
STU1463,17.2,69.8,9,6,61.1,2.95,3,0.537,1
STU1464,27.0,99.5,88,3,89.5,2.27,5,0.812,2
STU1465,11.7,91.1,90,9,80.7,3.52,3,0.825,2
STU1466,9.4,52.5,73,10,54.1,2.25,2,0.564,1
STU1467,24.6,95.8,46,6,92.2,2.37,5,0.788,2
STU1468,7.8,47.0,87,8,33.5,2.0,0,0.487,1
STU1469,27.0,89.0,60,8,85.5,2.68,5,0.794,2
STU1470,2.3,62.8,5,4,40.2,2.72,0,0.427,1
STU1471,27.2,92.7,68,9,81.9,2.93,5,0.712,1
STU1472,3.1,92.1,30,3,60.1,3.36,0,0.538,1
STU1473,25.2,88.4,30,7,72.7,3.79,5,0.823,2
STU1474,15.7,87.4,29,8,71.2,2.1,4,0.616,1
STU1475,27.8,58.3,78,8,48.0,1.92,4,0.69,1
STU1476,3.9,44.9,80,4,22.8,1.84,1,0.328,0
STU1477,16.4,64.2,88,6,77.5,2.12,5,0.721,2
STU1478,27.2,50.4,45,4,76.4,3.25,5,0.683,1
STU1479,15.6,81.7,91,10,79.6,3.4,2,0.715,1
STU1480,18.4,60.8,5,3,51.3,3.53,4,0.573,1
STU1481,20.1,98.5,91,9,80.4,2.34,5,0.9,2
STU1482,13.8,78.5,10,5,72.8,2.47,4,0.41,0
STU1483,18.3,89.3,6,5,78.5,2.86,4,0.749,2
STU1484,17.2,48.0,57,9,54.8,1.94,1,0.466,1
STU1485,25.4,91.7,85,6,100.0,3.14,5,0.808,2
STU1486,3.2,95.4,51,10,42.1,3.96,1,0.496,1
STU1487,9.3,69.2,76,8,46.7,2.59,1,0.538,1
STU1488,26.7,76.4,16,6,60.7,3.46,5,0.616,1
STU1489,25.1,85.9,33,8,69.7,2.9,5,0.663,1
STU1490,13.8,50.5,29,8,56.8,2.08,2,0.427,1
STU1491,18.1,70.2,23,5,53.1,3.08,5,0.585,1
STU1492,9.2,63.9,18,6,53.1,2.46,0,0.422,1
STU1493,6.9,48.8,60,10,51.3,1.88,2,0.529,1
STU1494,14.1,62.1,91,4,50.3,3.2,1,0.655,1
STU1495,11.2,44.1,72,8,44.0,3.69,1,0.605,1
STU1496,17.2,41.5,58,7,54.0,2.56,2,0.518,1
STU1497,4.0,48.1,27,7,17.9,2.66,1,0.21,0
STU1498,27.3,97.8,26,4,83.7,3.76,5,0.674,1
STU1499,27.6,73.0,11,7,67.9,3.59,5,0.774,2
STU1500,20.2,97.9,46,3,73.8,3.37,5,0.761,2
STU1501,15.9,65.9,84,8,64.0,2.35,1,0.581,1
STU1502,10.0,58.7,12,4,38.5,3.8,1,0.338,0
STU1503,23.2,70.4,78,6,69.6,2.14,4,0.628,1
STU1504,19.8,66.4,54,8,52.5,3.18,3,0.657,1
STU1505,6.2,46.3,73,4,44.8,1.86,0,0.384,0
STU1506,25.7,78.4,69,5,72.3,3.22,5,0.831,2
STU1507,23.4,53.0,29,10,76.8,2.41,5,0.626,1
STU1508,26.7,77.2,76,6,79.2,2.79,5,0.772,2
STU1509,20.9,79.0,66,10,56.7,2.56,4,0.776,2
STU1510,17.9,49.1,50,5,49.8,2.18,3,0.382,0
STU1511,12.9,43.7,48,8,30.5,3.17,0,0.485,1
STU1512,26.3,86.8,53,6,88.7,3.74,5,0.803,2
STU1513,24.5,67.6,89,10,68.0,3.91,3,0.865,2
STU1514,3.2,43.5,55,7,28.1,2.22,0,0.364,0
STU1515,2.7,99.7,61,10,50.2,3.38,0,0.525,1
STU1516,11.8,43.5,58,4,33.9,3.26,1,0.421,1
STU1517,23.1,81.7,48,8,65.7,2.56,5,0.57,1
STU1518,27.7,99.0,32,3,99.4,1.84,5,0.772,2
STU1519,5.9,54.4,47,10,34.3,3.32,1,0.481,1
STU1520,17.4,48.5,27,6,47.3,3.88,2,0.625,1
STU1521,11.9,47.3,6,6,39.5,3.19,1,0.379,0
STU1522,27.2,58.2,85,9,63.1,2.76,4,0.817,2
STU1523,23.9,46.1,53,10,55.8,2.96,5,0.611,1
STU1524,23.8,81.5,76,8,78.5,2.24,5,0.601,1
STU1525,14.2,43.7,55,8,32.8,3.45,1,0.51,1
STU1526,12.8,70.6,34,5,45.6,3.44,3,0.498,1
STU1527,9.1,99.8,51,9,77.3,2.12,2,0.539,1
STU1528,3.5,88.8,39,10,46.0,3.73,0,0.581,1
STU1529,24.5,76.9,28,7,69.7,2.39,5,0.741,2
STU1530,23.1,58.4,16,5,50.5,3.96,4,0.619,1
STU1531,28.0,77.4,62,9,89.2,2.64,5,0.804,2
STU1532,27.9,71.6,22,10,67.1,2.19,5,0.699,1
STU1533,16.4,65.6,47,10,57.3,2.57,5,0.584,1
STU1534,22.0,47.8,70,5,39.8,2.77,5,0.64,1
STU1535,26.6,93.2,7,7,94.6,1.95,5,0.611,1
STU1536,24.1,67.0,39,9,81.4,3.07,5,0.666,1
STU1537,8.4,51.7,63,10,43.3,3.11,2,0.475,1
STU1538,13.7,62.1,87,10,36.3,3.43,0,0.645,1
STU1539,5.4,64.8,63,9,48.8,1.86,2,0.445,1
STU1540,26.8,89.7,83,3,76.8,2.99,5,0.881,2
STU1541,17.8,84.0,79,5,56.9,1.92,4,0.68,1
STU1542,7.9,86.2,75,5,51.2,3.34,0,0.51,1
STU1543,19.5,40.7,47,6,45.5,1.92,1,0.511,1
STU1544,18.1,65.0,14,7,54.5,3.81,3,0.562,1
STU1545,11.3,68.9,4,4,64.1,3.34,2,0.5,1
STU1546,5.0,41.2,7,3,48.1,2.92,0,0.342,0
STU1547,19.5,55.6,94,9,43.3,2.77,5,0.749,2
STU1548,15.5,85.6,9,9,59.2,2.09,3,0.558,1
STU1549,22.1,48.2,45,9,58.7,2.44,3,0.698,1
STU1550,15.5,72.1,34,3,55.5,3.71,3,0.593,1
STU1551,24.2,52.9,82,10,66.7,3.79,5,0.8,2
STU1552,16.3,40.7,76,9,54.0,1.8,4,0.54,1
STU1553,16.6,54.5,78,9,59.6,3.11,2,0.601,1
STU1554,24.8,98.6,51,7,92.6,3.38,5,0.855,2
STU1555,12.5,88.1,12,8,79.4,3.16,3,0.604,1
STU1556,5.5,97.6,29,8,41.1,1.98,0,0.455,1
STU1557,2.7,69.3,71,6,53.6,2.28,0,0.466,1
STU1558,21.6,46.6,42,6,51.6,2.35,3,0.56,1
STU1559,18.1,72.9,17,9,71.5,3.63,2,0.756,2
STU1560,20.3,67.3,69,7,53.8,2.82,3,0.62,1
STU1561,7.5,90.7,49,9,47.6,2.87,1,0.572,1
STU1562,5.5,45.9,57,6,37.9,3.86,2,0.448,1
STU1563,2.4,69.3,65,3,18.9,3.2,0,0.237,0
STU1564,11.1,49.0,60,3,51.1,3.78,4,0.517,1
STU1565,17.3,59.5,91,10,68.3,2.8,0,0.609,1
STU1566,12.2,84.2,63,4,62.2,2.13,4,0.561,1
STU1567,13.4,68.6,77,8,55.8,3.85,2,0.653,1
STU1568,25.5,62.6,12,7,61.2,2.81,4,0.643,1
STU1569,11.1,63.7,90,5,55.2,2.2,2,0.507,1
STU1570,15.4,67.6,19,8,60.3,2.47,3,0.509,1
STU1571,22.4,87.1,20,5,67.9,1.91,4,0.645,1
STU1572,12.3,93.5,88,4,61.3,2.83,2,0.586,1
STU1573,18.2,97.3,56,4,74.3,3.68,5,0.622,1
STU1574,24.4,87.2,83,9,76.3,3.85,5,0.881,2
STU1575,26.7,58.9,27,6,55.9,3.85,4,0.74,2
STU1576,5.8,81.3,7,4,56.4,2.08,0,0.404,0
STU1577,26.1,66.3,5,4,69.8,2.64,4,0.607,1
STU1578,14.8,55.3,30,5,50.0,1.86,1,0.503,1
STU1579,8.7,90.5,60,6,52.5,3.68,1,0.653,1
STU1580,13.9,42.3,18,4,46.8,2.59,0,0.364,0
STU1581,27.5,94.1,44,8,90.3,3.19,5,0.846,2
STU1582,14.8,67.7,81,10,68.2,3.37,4,0.727,2
STU1583,10.5,78.2,67,4,59.7,2.75,3,0.554,1
STU1584,18.5,79.6,35,10,65.5,2.47,4,0.716,1
STU1585,8.2,93.7,9,6,51.8,3.92,3,0.53,1
STU1586,4.0,78.2,14,9,53.7,3.92,1,0.461,1
STU1587,5.4,76.8,9,7,43.6,2.44,0,0.225,0
STU1588,5.3,44.0,66,6,28.3,2.86,1,0.352,0
STU1589,5.9,71.1,44,5,42.8,3.94,0,0.397,0
STU1590,5.6,49.0,40,7,28.9,1.81,1,0.333,0
STU1591,18.7,84.2,82,8,68.6,2.71,5,0.664,1
STU1592,6.7,70.7,60,3,64.7,2.02,2,0.49,1
STU1593,11.0,80.8,85,10,46.4,2.92,4,0.721,2
STU1594,25.3,42.5,89,10,51.1,1.85,3,0.659,1
STU1595,14.3,45.1,87,10,57.9,2.7,2,0.544,1
STU1596,19.4,83.0,94,6,66.8,2.29,3,0.717,1
STU1597,6.5,44.3,87,10,27.4,2.97,0,0.592,1
STU1598,7.0,44.3,45,9,43.0,3.99,2,0.591,1
STU1599,3.1,40.7,10,10,10.8,3.56,0,0.236,0
STU1600,6.4,97.4,38,5,66.5,3.66,4,0.5,1
STU1601,9.2,84.3,75,8,56.4,3.2,3,0.526,1
STU1602,6.6,61.2,37,10,45.1,1.89,2,0.363,0
STU1603,4.3,57.8,93,10,39.8,2.25,1,0.506,1
STU1604,5.1,61.0,29,7,31.9,3.84,1,0.401,0
STU1605,14.0,86.5,43,8,74.7,2.61,3,0.574,1
STU1606,7.4,79.7,44,10,45.4,2.03,0,0.535,1
STU1607,11.5,51.1,86,6,46.9,3.35,2,0.593,1
STU1608,15.1,50.4,89,4,60.2,2.46,2,0.454,1
STU1609,20.0,45.9,43,9,66.7,2.39,4,0.654,1
STU1610,3.0,79.6,67,6,41.7,4.0,0,0.545,1
STU1611,22.8,85.9,56,3,81.7,3.69,5,0.784,2
STU1612,18.3,55.9,73,6,51.8,2.7,3,0.565,1
STU1613,4.1,41.3,49,7,51.9,3.96,1,0.441,1
STU1614,24.7,44.9,92,7,67.3,3.23,4,0.613,1
STU1615,25.9,98.1,23,10,88.8,3.43,5,0.873,2
STU1616,3.6,57.7,28,6,37.4,1.87,1,0.261,0
STU1617,9.2,86.2,94,7,60.9,2.07,2,0.544,1
STU1618,23.0,77.5,68,4,77.5,3.19,5,0.684,1
STU1619,21.5,62.9,14,8,61.2,3.78,4,0.749,2
STU1620,6.8,52.3,46,6,32.4,3.17,1,0.379,0
STU1621,7.4,47.3,11,9,33.3,2.09,0,0.388,0
STU1622,11.6,76.9,10,4,44.5,2.05,3,0.42,1
STU1623,14.6,86.5,55,10,72.3,3.66,5,0.683,1
STU1624,18.1,78.6,28,8,58.4,2.11,2,0.504,1
STU1625,11.6,71.8,35,9,42.7,2.94,2,0.491,1
STU1626,14.0,42.5,2,10,42.2,1.88,1,0.386,0
STU1627,21.4,98.1,33,9,79.9,1.98,5,0.744,2
STU1628,3.0,87.9,90,10,50.9,3.28,1,0.57,1
STU1629,8.6,57.6,94,9,35.9,3.32,0,0.522,1
STU1630,20.5,98.8,72,8,76.3,2.55,5,0.72,2
STU1631,25.3,76.1,68,4,82.9,2.27,5,0.65,1
STU1632,15.3,74.9,85,9,66.7,3.59,1,0.626,1
STU1633,15.8,84.9,21,9,72.1,2.28,2,0.643,1
STU1634,4.8,88.7,36,5,51.9,2.99,1,0.437,1
STU1635,13.6,79.4,92,6,61.8,3.93,2,0.669,1
STU1636,15.8,47.7,91,8,49.9,2.13,1,0.52,1
STU1637,8.3,60.3,79,10,36.0,3.87,0,0.549,1
STU1638,9.0,95.7,18,8,76.1,2.2,4,0.575,1
STU1639,11.8,53.5,19,7,57.8,3.05,2,0.447,1
STU1640,2.5,62.3,46,10,42.9,2.63,0,0.433,1
STU1641,10.4,65.9,94,8,44.3,3.92,1,0.711,1
STU1642,7.5,66.4,85,4,49.8,2.4,1,0.437,1
STU1643,10.5,76.8,54,10,63.9,2.68,4,0.582,1
STU1644,5.1,96.6,92,10,43.7,3.96,0,0.686,1
STU1645,25.2,54.4,83,8,81.9,2.98,4,0.851,2
STU1646,17.4,47.3,69,10,32.4,2.91,2,0.504,1
STU1647,19.7,51.8,66,5,62.5,2.37,3,0.481,1
STU1648,22.5,93.2,2,6,94.9,3.34,5,0.713,1
STU1649,15.0,78.7,59,10,60.7,1.83,4,0.61,1
STU1650,4.3,57.2,27,6,33.5,1.91,0,0.352,0
STU1651,16.0,89.0,21,8,75.1,3.12,4,0.679,1
STU1652,17.3,91.7,88,9,90.2,2.55,3,0.764,2
STU1653,21.4,90.8,11,3,74.7,3.9,5,0.74,2
STU1654,13.2,95.1,60,3,59.6,3.79,2,0.592,1
STU1655,5.3,55.1,76,9,31.3,3.37,1,0.509,1
STU1656,9.4,85.3,42,9,41.2,3.6,3,0.511,1
STU1657,11.4,67.6,6,9,60.0,3.27,3,0.521,1
STU1658,18.8,90.5,66,4,68.3,2.08,5,0.57,1
STU1659,16.8,83.7,18,3,65.0,3.48,4,0.523,1
STU1660,11.3,86.6,23,9,69.3,2.26,2,0.648,1
STU1661,27.6,79.4,42,4,77.4,2.51,5,0.601,1
STU1662,17.8,50.6,94,7,59.5,3.6,3,0.666,1
STU1663,8.2,72.7,69,10,38.2,2.98,2,0.608,1
STU1664,4.6,99.1,70,4,66.1,3.69,2,0.729,2
STU1665,6.0,96.2,12,3,60.5,2.27,0,0.417,0
STU1666,8.4,42.6,57,8,33.0,3.14,2,0.474,1
STU1667,6.2,49.9,52,7,35.5,1.98,0,0.371,0
STU1668,6.9,47.9,22,3,21.4,3.21,1,0.391,0
STU1669,9.4,83.6,77,10,57.0,3.48,2,0.68,1
STU1670,6.5,89.1,27,4,52.9,3.09,2,0.442,1
STU1671,25.3,52.8,20,5,51.8,2.39,4,0.624,1
STU1672,4.1,70.4,61,6,34.6,1.87,2,0.381,0
STU1673,15.6,90.4,72,10,67.4,2.06,2,0.571,1
STU1674,12.7,84.0,48,3,54.9,3.17,1,0.446,1
STU1675,27.5,72.5,72,9,53.5,3.86,5,0.806,2
STU1676,4.9,75.4,27,4,55.8,2.25,2,0.408,0
STU1677,12.3,70.5,41,9,52.3,3.42,3,0.645,1
STU1678,27.2,57.9,6,9,47.0,3.71,5,0.704,1
STU1679,24.5,73.9,22,9,95.1,2.95,5,0.741,2
STU1680,23.2,81.3,79,9,87.9,3.27,5,0.894,2
STU1681,8.7,92.4,5,9,55.8,3.59,0,0.526,1
STU1682,6.4,78.2,24,7,40.3,2.37,1,0.341,0
STU1683,19.4,85.7,85,3,75.9,2.45,2,0.582,1
STU1684,26.2,49.6,16,10,66.1,1.8,3,0.664,1
STU1685,16.5,67.7,94,3,64.0,3.92,3,0.548,1
STU1686,16.9,40.6,9,10,37.2,3.82,4,0.521,1
STU1687,9.3,54.8,42,6,52.3,3.48,1,0.663,1
STU1688,22.0,83.6,20,4,70.1,1.97,4,0.616,1
STU1689,6.9,99.5,47,5,66.9,2.78,2,0.537,1
STU1690,10.4,46.0,29,7,30.6,2.02,1,0.266,0
STU1691,13.1,64.1,92,4,78.1,1.84,2,0.666,1
STU1692,15.2,88.0,69,7,73.8,3.16,3,0.766,2
STU1693,8.3,52.2,16,10,67.4,3.91,0,0.542,1
STU1694,5.0,73.3,38,3,52.4,3.79,1,0.46,1
STU1695,17.9,84.0,2,9,63.2,3.33,4,0.66,1
STU1696,9.5,77.0,68,6,61.0,2.01,3,0.528,1
STU1697,17.1,51.3,25,6,60.3,2.4,2,0.434,1
STU1698,6.0,61.3,28,8,43.4,2.5,0,0.455,1
STU1699,14.5,87.0,41,5,71.6,3.48,3,0.629,1
STU1700,15.8,73.3,64,6,68.0,3.56,4,0.703,1
STU1701,3.3,40.3,62,9,15.2,2.65,1,0.363,0
STU1702,10.8,85.7,37,3,48.3,2.72,4,0.538,1
STU1703,5.5,42.1,94,5,21.4,1.9,1,0.377,0
STU1704,3.6,84.7,25,10,49.1,2.44,0,0.439,1
STU1705,27.7,52.1,25,4,65.5,2.79,3,0.607,1
STU1706,10.4,97.5,5,10,54.6,2.06,2,0.687,1
STU1707,23.1,62.1,68,9,73.4,2.8,3,0.761,2
STU1708,8.6,59.6,35,9,45.6,3.68,0,0.65,1
STU1709,19.7,48.9,58,6,55.7,3.08,2,0.587,1
STU1710,21.8,58.3,50,5,59.2,1.97,3,0.548,1
STU1711,17.5,92.6,88,3,68.7,2.22,5,0.618,1
STU1712,14.3,99.8,54,10,62.9,2.84,4,0.79,2
STU1713,12.7,62.1,24,8,59.4,2.6,2,0.447,1
STU1714,11.1,66.9,70,10,43.0,2.59,3,0.682,1
STU1715,26.2,83.3,54,7,83.0,2.96,5,0.722,2
STU1716,23.6,93.2,63,7,98.6,3.09,5,0.876,2
STU1717,27.1,75.6,42,3,75.1,3.55,5,0.636,1
STU1718,5.2,63.5,58,3,49.2,2.55,0,0.377,0
STU1719,21.0,64.8,61,7,69.6,3.57,1,0.68,1
STU1720,26.4,81.7,55,8,83.6,2.54,5,0.739,2
STU1721,6.7,40.2,71,5,34.5,1.92,2,0.37,0
STU1722,3.7,77.2,58,7,43.2,3.02,1,0.47,1
STU1723,21.3,61.3,11,3,62.9,3.09,4,0.602,1
STU1724,16.9,87.7,41,6,63.7,3.86,3,0.545,1
STU1725,23.9,45.6,8,4,59.0,3.4,3,0.514,1
STU1726,5.6,75.3,39,8,40.2,3.82,1,0.58,1
STU1727,22.7,68.9,86,9,78.5,3.8,3,0.838,2
STU1728,7.2,78.5,62,8,33.1,3.13,0,0.586,1
STU1729,6.3,43.9,85,6,36.1,2.96,0,0.49,1
STU1730,6.3,74.8,4,6,50.2,3.03,1,0.348,0
STU1731,23.2,73.7,52,9,74.1,3.95,5,0.825,2
STU1732,19.3,73.6,87,10,76.0,3.5,2,0.774,2
STU1733,15.6,76.2,48,3,58.6,2.03,4,0.672,1
STU1734,11.3,80.6,69,7,59.8,3.51,1,0.667,1
STU1735,24.8,88.3,93,10,64.2,2.18,5,0.84,2
STU1736,12.2,56.2,77,5,42.2,2.78,0,0.541,1
STU1737,23.2,89.5,39,8,88.2,2.26,5,0.759,2
STU1738,13.4,69.9,37,9,41.7,3.32,3,0.596,1
STU1739,11.8,44.6,42,8,41.6,3.73,1,0.485,1
STU1740,14.0,43.5,70,10,36.0,2.44,2,0.558,1
STU1741,9.8,60.1,14,6,43.7,1.98,4,0.461,1
STU1742,21.4,87.1,88,7,69.5,2.46,5,0.822,2
STU1743,15.1,82.5,59,8,51.4,3.28,5,0.723,2
STU1744,8.0,87.3,51,5,59.6,2.52,0,0.59,1
STU1745,25.4,71.0,31,6,73.1,2.41,4,0.723,2
STU1746,12.0,66.4,63,5,57.3,2.21,2,0.551,1
STU1747,16.1,48.8,26,7,56.6,2.89,3,0.449,1
STU1748,25.6,59.7,28,8,80.5,2.41,3,0.582,1
STU1749,18.2,66.0,52,4,61.7,3.41,1,0.578,1
STU1750,5.0,45.3,79,10,42.9,1.97,2,0.455,1
STU1751,26.4,53.2,58,8,56.5,3.26,3,0.779,2
STU1752,18.3,75.9,48,10,74.5,2.32,4,0.5,1
STU1753,10.7,84.1,40,7,62.7,2.88,4,0.518,1
STU1754,5.6,99.9,17,8,60.7,2.43,1,0.475,1
STU1755,22.6,96.0,23,10,86.4,3.39,5,0.723,2
STU1756,18.1,78.6,86,9,56.9,3.88,3,0.707,1
STU1757,15.9,65.3,55,10,44.5,3.82,2,0.608,1
STU1758,25.2,78.2,22,8,94.0,3.08,5,0.689,1
STU1759,22.5,87.1,73,3,75.6,2.82,5,0.684,1
STU1760,5.9,47.1,17,8,30.6,3.6,0,0.464,1
STU1761,10.1,64.6,60,8,36.4,3.3,4,0.594,1
STU1762,8.5,90.4,32,10,43.1,2.2,3,0.566,1
STU1763,21.3,63.0,43,5,62.6,3.61,3,0.639,1
STU1764,2.9,74.3,75,4,38.0,2.74,0,0.493,1
STU1765,16.8,75.3,33,5,62.9,2.22,4,0.607,1
STU1766,21.8,51.1,60,10,59.1,2.42,2,0.665,1
STU1767,24.8,61.7,35,5,93.0,2.39,5,0.627,1
STU1768,10.9,60.1,10,6,43.0,2.94,1,0.393,0
STU1769,23.4,41.6,82,3,71.6,2.32,3,0.675,1
STU1770,4.9,41.5,12,5,44.5,2.07,0,0.243,0
STU1771,24.0,89.9,11,9,88.5,2.07,5,0.619,1
STU1772,5.3,56.4,87,7,33.8,3.08,0,0.444,1
STU1773,12.3,71.1,18,9,40.4,3.42,2,0.618,1
STU1774,22.7,57.9,69,7,67.8,2.51,3,0.63,1
STU1775,5.9,96.4,49,8,67.3,1.88,1,0.537,1
STU1776,8.0,55.6,53,6,57.2,2.08,0,0.387,0
STU1777,20.8,65.8,26,3,54.6,3.81,3,0.637,1
STU1778,20.7,92.4,22,9,74.8,2.89,4,0.728,2
STU1779,18.7,90.5,66,3,63.8,2.8,4,0.574,1
STU1780,20.0,51.2,64,9,49.3,1.88,4,0.606,1
STU1781,16.1,88.2,90,8,74.9,3.4,4,0.667,1
STU1782,8.5,67.5,52,7,39.8,2.96,3,0.473,1
STU1783,11.0,69.0,37,4,42.7,2.24,1,0.428,1
STU1784,6.7,48.0,82,6,42.1,2.04,1,0.54,1
STU1785,25.6,44.8,89,9,65.4,2.64,3,0.734,2
STU1786,17.2,83.7,67,9,71.1,3.64,4,0.701,1
STU1787,12.4,69.8,16,8,47.0,3.7,3,0.524,1
STU1788,14.0,66.2,40,6,67.1,3.13,3,0.627,1
STU1789,26.6,83.8,71,7,82.0,3.4,5,0.788,2
STU1790,6.0,85.9,2,7,75.7,2.05,1,0.499,1
STU1791,17.2,49.5,24,9,52.2,3.09,1,0.497,1
STU1792,15.2,76.6,40,4,37.7,3.27,3,0.49,1
STU1793,17.9,48.1,58,4,27.1,2.24,2,0.439,1
STU1794,2.5,85.1,82,3,52.5,3.74,0,0.421,1
STU1795,24.7,79.4,35,6,89.7,2.23,5,0.568,1
STU1796,26.2,97.4,42,6,80.2,2.49,5,0.752,2
STU1797,16.7,44.1,94,7,68.1,3.17,4,0.656,1
STU1798,20.1,43.4,74,3,68.5,3.2,3,0.625,1
STU1799,26.0,56.9,14,8,69.5,3.34,2,0.637,1
STU1800,20.4,55.7,71,6,63.8,2.05,4,0.752,2
STU1801,6.0,54.8,7,3,45.3,3.67,2,0.387,0
STU1802,17.0,94.4,85,3,91.6,2.97,5,0.663,1
STU1803,17.8,55.0,53,9,61.0,2.84,2,0.534,1
STU1804,13.0,56.3,4,7,49.6,3.96,3,0.508,1
STU1805,21.1,85.6,82,3,81.2,3.43,5,0.739,2
STU1806,26.3,67.0,64,10,78.3,2.06,5,0.675,1
STU1807,26.1,86.6,50,4,91.6,3.46,5,0.784,2
STU1808,13.7,43.9,77,10,26.8,2.01,0,0.479,1
STU1809,4.9,69.3,48,4,45.2,1.86,1,0.475,1
STU1810,27.6,42.0,56,5,67.0,2.69,2,0.575,1
STU1811,23.8,43.8,65,7,56.9,3.99,2,0.652,1
STU1812,5.2,94.4,66,9,62.9,2.18,1,0.647,1
STU1813,25.9,48.4,82,8,82.3,3.28,3,0.778,2
STU1814,24.6,71.9,68,10,74.3,2.18,5,0.694,1
STU1815,15.5,64.7,91,10,62.5,3.39,4,0.675,1
STU1816,17.4,60.8,16,5,72.5,2.91,0,0.439,1
STU1817,12.4,94.0,33,4,67.2,3.3,4,0.604,1
STU1818,3.4,41.3,69,9,16.9,2.25,1,0.43,1
STU1819,10.7,79.8,19,5,62.1,3.44,1,0.611,1
STU1820,22.9,97.8,84,7,61.2,3.99,5,0.755,2
STU1821,2.1,73.6,44,9,17.0,3.26,1,0.48,1
STU1822,10.7,96.2,36,7,67.4,2.89,3,0.605,1
STU1823,12.4,43.1,79,3,16.6,3.83,1,0.463,1
STU1824,16.0,65.1,59,6,43.4,1.83,2,0.488,1
STU1825,25.9,55.6,34,3,62.9,3.41,4,0.518,1
STU1826,11.0,83.8,15,7,51.2,3.76,1,0.574,1
STU1827,11.0,98.9,35,10,64.5,1.94,2,0.495,1
STU1828,21.2,55.4,62,9,70.6,2.79,4,0.634,1
STU1829,13.8,79.3,5,4,62.6,2.25,2,0.489,1
STU1830,7.8,51.9,89,8,29.3,3.05,1,0.396,0
STU1831,13.8,73.9,60,4,71.1,3.23,4,0.538,1
STU1832,5.7,67.8,30,9,28.1,2.47,1,0.479,1
STU1833,6.6,98.3,84,3,61.3,2.81,2,0.583,1
STU1834,15.0,76.5,7,8,45.3,2.41,3,0.464,1
STU1835,12.9,61.0,50,9,52.3,2.61,2,0.549,1
STU1836,25.8,46.8,41,7,58.9,2.15,4,0.643,1
STU1837,11.4,49.1,84,10,52.5,3.75,1,0.678,1
STU1838,17.1,53.5,66,4,59.6,1.82,1,0.438,1
STU1839,18.4,55.1,70,7,49.3,3.74,3,0.586,1
STU1840,2.3,91.0,28,8,41.2,3.06,0,0.483,1
STU1841,19.3,73.7,81,8,62.6,2.53,3,0.723,2
STU1842,6.6,71.4,7,4,64.4,3.39,2,0.361,0
STU1843,27.0,46.9,14,7,80.1,2.92,3,0.569,1
STU1844,5.9,91.6,65,5,44.9,2.9,2,0.514,1
STU1845,12.8,83.4,63,7,68.9,2.04,2,0.586,1
STU1846,4.2,44.1,20,8,11.0,2.66,0,0.296,0
STU1847,27.9,82.5,77,7,78.6,2.33,5,0.716,1
STU1848,15.1,72.6,81,10,49.6,1.83,3,0.616,1
STU1849,17.5,44.9,44,9,59.4,2.59,3,0.517,1
STU1850,3.7,67.5,75,3,26.5,2.0,0,0.296,0
STU1851,21.5,69.1,90,10,71.1,2.37,4,0.744,2
STU1852,7.5,49.9,21,5,36.2,2.0,1,0.316,0
STU1853,25.3,96.7,69,6,84.6,2.02,5,0.824,2
STU1854,7.3,91.0,45,9,73.2,2.24,1,0.497,1
STU1855,7.0,80.1,24,3,68.1,4.0,2,0.527,1
STU1856,3.0,67.7,3,6,36.9,1.8,0,0.188,0
STU1857,14.3,64.7,23,4,50.3,3.21,3,0.486,1
STU1858,16.7,79.1,58,6,49.5,2.11,2,0.595,1
STU1859,3.7,72.7,73,9,41.9,3.83,0,0.572,1
STU1860,22.2,43.7,8,7,74.6,2.01,0,0.523,1
STU1861,13.8,70.8,79,9,54.8,3.9,3,0.735,2
STU1862,15.6,88.4,57,10,74.9,3.14,4,0.693,1
STU1863,13.5,67.6,68,6,40.0,1.8,3,0.543,1
STU1864,12.4,43.1,17,8,35.8,3.77,0,0.559,1
STU1865,16.6,87.2,84,3,73.0,2.95,4,0.658,1
STU1866,6.0,52.1,52,3,36.2,2.38,1,0.443,1
STU1867,6.7,55.5,83,6,46.1,3.49,1,0.571,1
STU1868,24.4,49.9,81,3,55.5,3.84,3,0.666,1
STU1869,26.6,59.8,73,8,52.3,2.86,4,0.708,1
STU1870,11.7,85.4,13,9,71.5,2.49,2,0.552,1
STU1871,9.0,71.2,54,3,39.8,3.54,0,0.526,1
STU1872,18.7,52.3,76,6,59.3,3.3,1,0.643,1
STU1873,12.6,92.7,6,5,69.8,3.76,3,0.553,1
STU1874,2.7,92.8,28,5,33.7,3.32,0,0.298,0
STU1875,6.1,92.2,13,4,65.7,2.34,1,0.472,1
STU1876,20.6,54.3,18,10,52.4,3.85,3,0.507,1
STU1877,19.1,67.1,7,3,62.8,2.03,3,0.399,0
STU1878,2.7,99.1,6,10,50.0,2.39,2,0.43,1
STU1879,7.8,86.3,58,9,71.0,2.94,1,0.519,1
STU1880,8.0,41.6,29,6,46.3,3.04,0,0.406,0
STU1881,19.5,43.9,79,3,33.0,1.83,1,0.46,1
STU1882,2.5,67.8,70,7,60.3,3.52,1,0.564,1
STU1883,4.7,94.6,60,8,47.6,2.6,1,0.427,1
STU1884,22.8,72.3,34,3,91.4,2.69,5,0.62,1
STU1885,6.6,69.9,63,3,42.3,3.58,1,0.483,1
STU1886,19.0,46.3,51,10,48.2,2.63,1,0.565,1
STU1887,8.2,79.4,20,10,49.5,1.9,2,0.504,1
STU1888,4.6,89.3,87,5,47.5,2.19,1,0.451,1
STU1889,8.3,62.8,70,8,69.1,3.9,2,0.582,1
STU1890,20.8,86.5,67,6,73.7,1.95,5,0.722,2
STU1891,24.2,97.9,48,3,82.3,2.58,5,0.595,1
STU1892,23.6,52.2,40,5,62.3,2.91,3,0.625,1
STU1893,12.3,71.4,69,10,44.5,2.89,1,0.634,1
STU1894,19.4,57.2,34,4,73.6,1.81,4,0.452,1
STU1895,7.3,87.6,14,8,40.1,2.9,1,0.444,1
STU1896,9.6,74.7,85,5,45.6,2.64,3,0.646,1
STU1897,25.3,78.1,55,5,86.4,3.94,5,0.835,2
STU1898,2.3,87.9,8,9,47.9,2.15,0,0.414,0
STU1899,4.2,63.8,80,5,43.7,2.58,1,0.512,1
STU1900,7.4,94.9,88,9,73.9,2.72,0,0.746,2
STU1901,2.7,72.0,15,3,50.1,2.66,0,0.337,0
STU1902,6.7,49.5,88,3,36.2,3.26,2,0.444,1
STU1903,17.2,81.8,20,10,87.5,2.27,3,0.69,1
STU1904,13.0,87.6,55,4,57.0,2.29,3,0.544,1
STU1905,25.2,59.0,94,7,66.3,3.4,3,0.708,1
STU1906,23.3,91.4,21,7,80.3,2.9,5,0.682,1
STU1907,10.9,94.4,30,7,62.5,2.71,2,0.577,1
STU1908,8.7,56.6,25,10,30.7,2.17,2,0.387,0
STU1909,11.9,99.0,83,9,51.5,2.21,2,0.619,1
STU1910,17.3,48.4,64,10,54.4,1.82,1,0.484,1
STU1911,9.0,52.1,75,8,33.2,2.0,2,0.548,1
STU1912,18.2,51.1,58,8,71.9,3.03,1,0.589,1
STU1913,12.6,93.6,9,4,65.1,3.76,2,0.518,1
STU1914,16.4,79.3,91,8,61.6,2.43,3,0.643,1
STU1915,13.3,49.1,63,7,55.5,2.52,2,0.571,1
STU1916,9.7,66.4,30,7,51.7,2.05,2,0.48,1
STU1917,26.7,76.9,75,10,76.7,2.65,5,0.784,2
STU1918,21.9,45.0,18,5,48.9,1.88,2,0.463,1
STU1919,5.6,92.9,67,8,91.5,3.82,4,0.708,1
STU1920,24.6,88.2,7,10,84.6,3.28,5,0.709,1
STU1921,14.7,70.3,59,3,68.0,3.98,3,0.533,1
STU1922,25.3,98.0,70,3,76.7,3.74,5,0.846,2
STU1923,22.8,65.1,29,5,60.9,2.84,3,0.559,1
STU1924,13.1,99.0,63,5,90.2,2.94,3,0.708,1
STU1925,2.6,80.1,42,5,57.9,2.22,0,0.425,1
STU1926,9.0,78.1,70,10,57.1,2.82,3,0.612,1
STU1927,16.1,50.0,83,3,45.3,3.79,2,0.557,1
STU1928,18.5,92.9,91,7,71.8,1.91,3,0.669,1
STU1929,8.7,65.6,85,5,39.1,3.7,2,0.49,1
STU1930,5.6,49.7,42,4,21.7,2.55,1,0.296,0
STU1931,23.7,40.8,50,9,65.2,3.78,3,0.714,1
STU1932,27.6,73.6,92,10,83.6,3.87,5,0.992,2
STU1933,15.7,71.6,50,5,66.7,3.28,3,0.684,1
STU1934,6.5,83.2,77,9,47.9,3.26,1,0.593,1
STU1935,9.1,93.4,72,6,62.9,2.8,0,0.665,1
STU1936,2.5,44.8,4,5,21.8,3.64,0,0.266,0
STU1937,25.8,83.9,11,3,73.3,3.92,5,0.624,1
STU1938,5.1,51.2,90,8,49.9,3.51,1,0.647,1
STU1939,17.0,91.5,36,5,72.4,3.17,5,0.694,1
STU1940,9.1,89.1,81,10,63.3,3.13,2,0.571,1
STU1941,16.4,72.4,3,8,69.2,3.67,5,0.708,1
STU1942,18.9,82.6,25,6,71.1,2.99,5,0.6,1
STU1943,23.6,58.9,75,4,67.2,3.57,5,0.686,1
STU1944,7.4,68.3,39,8,34.3,2.92,2,0.528,1
STU1945,2.3,89.3,23,9,39.1,1.94,0,0.472,1
STU1946,5.6,67.6,27,7,32.6,2.64,1,0.335,0
STU1947,25.4,61.5,44,5,74.9,2.78,5,0.764,2
STU1948,24.7,69.7,56,6,72.6,2.11,3,0.714,1
STU1949,17.5,89.7,40,6,62.2,2.03,3,0.545,1
STU1950,17.6,60.1,92,8,62.3,2.98,1,0.645,1
STU1951,19.3,50.4,30,4,59.6,1.99,4,0.589,1
STU1952,6.6,82.7,21,3,44.3,2.47,3,0.32,0
STU1953,25.8,89.6,92,5,83.2,3.44,5,0.937,2
STU1954,12.9,46.0,42,6,47.8,3.92,2,0.572,1
STU1955,12.0,54.4,55,4,36.6,3.38,1,0.51,1
STU1956,15.5,48.5,21,7,53.2,3.98,1,0.535,1
STU1957,3.2,60.9,20,6,38.3,3.34,0,0.488,1
STU1958,6.3,67.0,85,4,33.0,2.45,1,0.581,1
STU1959,21.2,84.9,67,10,76.4,3.28,5,0.76,2
STU1960,4.2,79.1,31,3,49.4,3.34,2,0.475,1
STU1961,17.7,77.3,54,3,58.9,2.62,2,0.686,1
STU1962,8.4,61.1,35,6,37.7,1.84,1,0.334,0
STU1963,12.1,90.5,23,9,53.3,3.35,3,0.61,1
STU1964,9.5,68.3,68,6,43.9,1.85,4,0.557,1
STU1965,11.2,98.7,7,8,66.1,3.19,3,0.46,1
STU1966,20.7,78.0,80,5,64.6,2.16,3,0.71,1
STU1967,9.7,47.6,28,4,23.5,3.04,0,0.293,0
STU1968,16.7,80.6,11,6,58.5,2.91,3,0.568,1
STU1969,14.4,59.5,74,5,47.1,1.83,1,0.565,1
STU1970,19.3,81.2,49,8,77.6,2.6,3,0.531,1
STU1971,26.4,44.2,71,10,67.6,3.12,3,0.774,2
STU1972,21.0,50.5,60,10,65.2,3.67,4,0.829,2
STU1973,7.6,91.3,60,5,49.7,3.76,1,0.537,1
STU1974,2.8,53.6,3,6,32.4,2.86,0,0.329,0
STU1975,8.8,90.2,30,3,34.1,3.4,4,0.581,1
STU1976,17.5,56.8,69,4,58.9,2.5,3,0.473,1
STU1977,3.3,78.6,66,4,50.4,2.55,0,0.486,1
STU1978,14.9,81.6,84,10,59.7,2.23,4,0.739,2
STU1979,17.5,70.8,27,10,64.6,3.04,3,0.662,1
STU1980,10.7,58.3,90,3,30.0,2.49,2,0.486,1
STU1981,22.0,52.8,11,9,51.4,1.99,2,0.455,1
STU1982,4.8,42.0,54,6,35.8,3.31,0,0.478,1
STU1983,4.0,58.2,80,10,40.2,3.36,1,0.521,1
STU1984,20.9,79.2,60,10,66.9,2.59,4,0.662,1
STU1985,14.9,96.3,23,10,78.6,1.97,2,0.588,1
STU1986,19.9,92.3,52,4,77.4,2.74,4,0.705,1
STU1987,13.3,86.0,49,6,57.9,2.77,2,0.486,1
STU1988,8.4,87.3,22,8,54.4,3.27,2,0.534,1
STU1989,23.3,79.9,23,6,70.3,2.49,5,0.626,1
STU1990,22.8,55.6,31,5,50.1,3.3,2,0.657,1
STU1991,20.1,94.4,26,3,89.9,3.72,5,0.599,1
STU1992,9.1,80.2,29,9,48.1,2.32,1,0.539,1
STU1993,17.3,73.6,66,10,54.5,3.95,4,0.811,2
STU1994,11.4,46.7,46,10,25.1,2.65,2,0.354,0
STU1995,4.4,66.8,69,6,13.6,2.39,0,0.286,0
STU1996,25.9,67.6,8,9,79.6,2.73,5,0.787,2
STU1997,5.6,91.9,50,10,62.2,2.01,1,0.471,1
STU1998,26.7,72.8,10,9,88.4,2.08,5,0.871,2
STU1999,13.6,62.8,37,8,50.3,2.71,1,0.404,0
STU2000,6.8,98.6,84,7,56.3,3.48,3,0.662,1
STU2001,16.1,46.6,2,3,42.4,3.78,3,0.452,1
STU2002,24.7,65.4,11,9,65.6,3.26,5,0.661,1
STU2003,21.0,42.5,37,4,64.0,2.03,4,0.546,1
STU2004,23.0,84.4,74,5,76.4,3.28,5,0.804,2
STU2005,19.1,95.1,47,4,80.0,3.2,5,0.699,1
STU2006,20.0,56.8,33,10,54.0,3.57,2,0.565,1
STU2007,24.1,91.5,33,8,95.1,3.62,5,0.868,2
STU2008,8.5,57.5,7,8,22.5,3.71,1,0.45,1
STU2009,14.7,94.6,49,4,57.2,2.71,4,0.612,1
STU2010,7.8,85.2,39,3,58.0,3.34,3,0.554,1
STU2011,27.7,88.3,18,4,100.0,2.39,5,0.765,2
STU2012,26.5,41.1,75,6,58.1,4.0,4,0.679,1
STU2013,3.0,97.8,28,10,45.0,2.19,1,0.495,1
STU2014,20.3,83.6,55,10,82.3,1.82,4,0.667,1
STU2015,26.1,58.3,51,4,71.5,2.13,3,0.67,1
STU2016,6.7,89.8,36,5,67.8,3.51,2,0.534,1
STU2017,16.8,56.9,86,5,40.7,2.78,2,0.612,1
STU2018,25.8,92.4,26,10,97.0,2.78,5,0.77,2
STU2019,2.9,46.8,29,7,12.2,3.9,0,0.389,0
STU2020,20.1,82.2,16,5,68.4,3.82,5,0.605,1
STU2021,9.7,72.4,5,4,54.9,2.48,2,0.415,0
STU2022,26.0,45.8,94,5,63.8,2.26,2,0.718,1
STU2023,27.2,54.5,74,10,78.7,3.67,5,0.85,2
STU2024,26.6,40.7,28,3,41.9,3.79,2,0.578,1
STU2025,14.3,68.1,27,9,57.0,2.99,2,0.665,1
STU2026,24.4,58.1,20,5,77.7,3.18,4,0.697,1
STU2027,24.0,75.9,93,6,74.5,2.37,5,0.811,2
STU2028,10.3,57.8,18,3,32.9,3.56,1,0.445,1
STU2029,23.6,58.0,44,7,74.4,3.19,2,0.708,1
STU2030,3.0,84.6,42,6,40.3,2.91,0,0.532,1
STU2031,17.5,42.9,43,4,39.5,1.93,3,0.42,1
STU2032,8.0,94.2,51,9,49.6,3.82,0,0.657,1
STU2033,5.1,91.1,85,4,51.3,3.15,3,0.592,1
STU2034,4.0,80.1,41,9,47.9,2.22,1,0.429,1
STU2035,20.1,75.6,40,9,55.3,3.13,3,0.651,1
STU2036,10.8,93.5,24,4,52.4,3.29,3,0.551,1
STU2037,20.8,51.1,53,6,49.9,2.96,3,0.538,1
STU2038,3.7,44.7,48,6,18.4,3.38,0,0.409,0
STU2039,10.2,54.4,64,9,42.8,3.08,3,0.537,1
STU2040,16.0,87.7,70,6,71.5,3.89,4,0.736,2
STU2041,22.6,42.1,44,9,57.1,1.92,3,0.648,1
STU2042,10.3,75.0,49,10,55.2,2.03,3,0.55,1
STU2043,18.3,99.7,35,9,94.0,2.18,5,0.809,2
STU2044,25.0,91.3,41,10,87.5,3.32,5,0.79,2
STU2045,18.0,71.3,76,3,70.5,3.22,3,0.588,1
STU2046,8.1,43.8,62,8,29.8,3.76,1,0.464,1
STU2047,2.6,89.9,51,3,58.3,3.41,0,0.306,0
STU2048,24.6,75.9,68,4,70.3,2.92,5,0.78,2
STU2049,2.6,46.9,63,8,31.4,3.98,0,0.38,0
STU2050,24.7,45.6,59,5,46.2,2.39,2,0.534,1
STU2051,15.8,94.6,34,4,72.6,3.63,4,0.699,1
STU2052,26.4,80.2,76,7,69.9,2.74,5,0.791,2
STU2053,22.8,89.8,17,3,88.4,3.23,5,0.661,1
STU2054,27.9,92.7,83,6,97.0,3.4,5,0.772,2
STU2055,11.1,74.3,49,3,49.2,3.19,3,0.6,1
STU2056,21.9,71.0,11,6,88.9,2.11,1,0.616,1
STU2057,12.5,65.8,83,8,48.7,2.77,3,0.725,2
STU2058,14.5,59.0,39,7,35.1,3.04,3,0.482,1
STU2059,18.3,66.1,20,8,52.7,3.67,3,0.514,1
STU2060,24.7,86.4,37,7,69.8,2.78,5,0.781,2
STU2061,27.6,76.1,60,3,83.2,3.82,5,0.779,2
STU2062,22.0,93.6,64,6,67.4,2.77,5,0.777,2
STU2063,12.9,66.6,78,8,47.2,3.01,1,0.684,1
STU2064,13.0,76.4,47,7,60.8,3.55,3,0.637,1
STU2065,21.2,77.9,4,9,72.1,3.08,5,0.668,1
STU2066,8.2,75.5,75,4,49.9,3.91,3,0.597,1
STU2067,4.9,82.2,66,4,49.6,3.25,2,0.414,0
STU2068,11.2,54.2,92,8,40.2,2.95,3,0.643,1
STU2069,9.5,70.7,9,6,33.5,1.85,2,0.443,1
STU2070,9.7,46.3,52,9,33.7,2.71,2,0.495,1
STU2071,8.1,63.1,82,8,48.3,2.46,2,0.439,1
STU2072,3.1,69.3,74,3,37.9,3.45,1,0.447,1
STU2073,2.5,79.1,7,7,47.2,2.26,0,0.439,1
STU2074,27.7,97.0,90,10,84.2,2.25,5,0.846,2
STU2075,13.1,76.0,40,3,67.6,2.22,4,0.594,1
STU2076,12.0,84.6,61,4,34.7,2.08,3,0.511,1
STU2077,19.7,70.4,29,7,66.1,2.48,5,0.655,1
STU2078,7.7,78.0,55,8,64.0,3.75,2,0.571,1
STU2079,26.7,44.3,38,3,77.2,3.5,5,0.665,1
STU2080,22.4,55.3,10,5,59.0,3.42,2,0.585,1
STU2081,4.3,61.7,83,10,24.1,3.55,2,0.464,1
STU2082,12.9,68.3,57,6,67.1,2.39,1,0.556,1
STU2083,24.9,42.7,60,9,58.1,3.75,2,0.527,1
STU2084,26.6,48.4,86,9,62.5,2.1,5,0.681,1
STU2085,14.2,56.6,3,6,40.6,2.54,3,0.461,1
STU2086,17.9,98.3,62,5,63.6,3.09,5,0.776,2
STU2087,6.3,59.9,59,4,45.1,2.03,1,0.426,1
STU2088,27.8,68.9,61,7,82.8,3.41,5,0.716,1
STU2089,8.0,51.8,41,6,39.9,2.65,0,0.461,1
STU2090,26.5,76.6,37,5,70.4,3.53,5,0.664,1
STU2091,18.9,56.8,38,8,46.1,2.88,4,0.618,1
STU2092,17.8,52.4,80,10,38.6,2.2,3,0.53,1
STU2093,15.3,71.0,93,9,52.9,3.42,5,0.672,1
STU2094,8.0,40.3,19,10,22.1,2.35,1,0.293,0
STU2095,6.6,40.5,64,5,13.0,2.88,2,0.388,0
STU2096,7.7,53.1,23,10,44.7,1.97,2,0.394,0
STU2097,6.8,42.2,12,4,18.2,3.16,2,0.344,0
STU2098,22.3,46.5,59,4,66.5,3.26,1,0.6,1
STU2099,11.1,60.3,58,3,50.8,2.63,0,0.364,0
STU2100,3.5,88.2,78,6,52.3,3.9,0,0.581,1
STU2101,27.2,74.3,5,3,94.6,3.72,5,0.603,1
STU2102,25.0,70.8,87,10,60.0,3.36,3,0.74,2
STU2103,26.1,57.6,8,9,76.7,3.37,2,0.636,1
STU2104,27.9,95.9,62,5,86.8,2.36,5,0.768,2
STU2105,6.5,63.8,55,7,67.4,3.24,1,0.421,1
STU2106,12.3,45.2,89,10,37.3,2.24,1,0.609,1
STU2107,21.7,77.0,69,7,65.7,2.12,4,0.779,2
STU2108,20.1,46.8,93,4,57.8,4.0,3,0.812,2
STU2109,6.0,60.7,80,7,37.3,3.17,0,0.558,1
STU2110,23.2,70.4,2,7,62.5,2.75,4,0.574,1
STU2111,7.8,92.5,56,9,48.3,2.43,2,0.53,1
STU2112,7.8,69.6,4,7,61.1,3.13,2,0.429,1
STU2113,16.0,82.1,79,10,53.4,1.91,5,0.786,2
STU2114,17.4,99.6,39,5,78.1,2.01,3,0.616,1
STU2115,17.1,47.9,2,7,60.1,1.87,2,0.511,1
STU2116,4.4,56.5,39,8,45.9,2.9,1,0.494,1
STU2117,24.8,63.7,86,7,63.0,3.12,3,0.751,2
STU2118,8.9,65.3,30,7,44.0,1.94,1,0.323,0
STU2119,5.4,64.7,6,3,36.4,3.39,0,0.338,0
STU2120,25.1,94.5,75,5,69.5,2.31,5,0.768,2
STU2121,26.8,82.8,93,10,87.1,3.31,5,0.978,2
STU2122,24.4,76.5,22,4,75.2,3.96,4,0.698,1
STU2123,23.0,58.6,72,3,78.3,3.32,3,0.611,1
STU2124,19.0,89.4,68,10,65.0,3.74,3,0.831,2
STU2125,16.3,97.3,48,6,84.0,3.89,5,0.733,2
STU2126,4.3,89.3,85,5,62.6,2.87,0,0.391,0
STU2127,12.6,40.1,84,8,39.4,3.35,2,0.574,1
STU2128,11.7,78.2,36,5,34.9,3.67,0,0.535,1
STU2129,8.8,43.1,69,6,29.5,2.58,1,0.373,0
STU2130,20.8,55.5,70,6,76.8,2.38,2,0.617,1
STU2131,14.9,43.6,2,6,47.1,3.88,1,0.498,1
STU2132,4.1,76.2,69,9,51.2,3.4,1,0.567,1
STU2133,7.7,81.2,13,4,51.3,2.28,1,0.307,0
STU2134,19.8,46.9,61,7,50.8,2.79,2,0.653,1
STU2135,4.0,63.0,28,5,18.8,3.55,2,0.486,1
STU2136,24.1,67.4,57,10,77.8,3.0,2,0.701,1
STU2137,14.9,62.1,24,9,64.2,3.23,2,0.452,1
STU2138,14.5,47.3,26,10,35.9,3.46,3,0.57,1
STU2139,17.4,65.1,22,7,56.9,3.17,3,0.528,1
STU2140,23.4,85.1,62,7,74.6,2.99,5,0.795,2
STU2141,11.0,44.3,64,8,42.9,3.45,1,0.65,1
STU2142,19.6,44.8,53,6,46.4,3.4,4,0.498,1
STU2143,16.7,61.3,89,4,65.0,3.19,4,0.605,1
STU2144,8.9,96.5,26,8,62.4,2.59,2,0.532,1
STU2145,24.8,80.1,56,3,51.8,2.69,5,0.746,2
STU2146,22.7,80.7,47,9,78.9,3.93,4,0.997,2
STU2147,19.1,61.7,33,9,69.5,2.05,3,0.597,1
STU2148,24.1,75.6,56,4,62.5,2.39,5,0.568,1
STU2149,24.5,40.6,6,7,61.2,2.88,1,0.51,1
STU2150,20.4,78.2,37,10,88.0,3.64,4,0.706,1
STU2151,23.8,94.8,50,9,84.2,2.16,5,0.807,2
STU2152,20.1,76.8,59,4,80.0,2.41,4,0.677,1
STU2153,19.7,92.4,40,9,71.3,1.94,4,0.605,1
STU2154,18.1,83.4,81,9,68.7,3.35,5,0.72,1
STU2155,21.6,47.2,86,6,53.9,2.32,1,0.576,1
STU2156,6.1,94.1,62,3,52.4,2.66,2,0.494,1
STU2157,24.9,44.0,10,6,57.9,2.78,4,0.555,1
STU2158,24.7,72.0,7,3,56.7,3.76,5,0.633,1
STU2159,2.8,48.5,36,9,25.1,2.7,1,0.431,1
STU2160,23.5,40.7,40,8,68.9,2.12,4,0.568,1
STU2161,5.4,65.3,23,10,31.1,2.95,0,0.381,0
STU2162,10.7,57.7,42,7,34.3,3.92,2,0.435,1
STU2163,21.3,69.2,6,9,67.2,3.14,5,0.626,1
STU2164,6.2,74.6,43,3,47.7,3.96,0,0.488,1
STU2165,23.3,42.6,88,3,60.0,3.65,3,0.563,1
STU2166,23.6,47.4,82,3,58.0,1.88,2,0.555,1
STU2167,15.2,73.5,77,9,60.3,3.25,2,0.74,2
STU2168,2.2,60.6,88,4,30.0,2.43,0,0.432,1
STU2169,9.5,83.8,81,8,43.3,3.03,0,0.603,1
STU2170,18.0,79.1,68,4,65.9,2.41,4,0.671,1
STU2171,27.5,90.7,31,7,93.9,2.57,5,0.737,2
STU2172,18.4,81.5,58,9,73.6,3.83,5,0.719,1
STU2173,8.8,65.8,87,3,28.6,2.25,1,0.527,1
STU2174,18.5,80.4,74,8,70.4,3.72,4,0.805,2
STU2175,16.0,56.5,30,8,43.4,1.87,2,0.427,1
STU2176,22.3,58.4,38,5,76.5,2.0,3,0.467,1
STU2177,4.8,87.3,88,7,54.1,3.68,0,0.549,1
STU2178,21.8,66.8,14,10,75.0,3.19,5,0.708,1
STU2179,16.1,87.9,33,10,68.3,3.44,3,0.639,1
STU2180,27.0,89.3,47,8,84.6,2.26,5,0.792,2
STU2181,10.9,91.5,24,9,77.0,2.98,3,0.692,1
STU2182,18.4,95.0,46,3,84.9,3.42,5,0.703,1
STU2183,26.2,65.9,18,3,73.5,3.18,5,0.661,1
STU2184,4.7,59.1,86,8,34.6,2.84,0,0.516,1
STU2185,26.4,74.9,67,4,59.9,3.91,5,0.702,1
STU2186,19.9,62.3,7,7,64.2,3.29,3,0.531,1
STU2187,3.8,76.1,19,3,42.4,3.8,2,0.464,1
STU2188,9.8,82.3,23,8,61.4,3.41,0,0.536,1
STU2189,20.4,81.3,34,3,79.8,3.42,4,0.669,1
STU2190,3.8,62.5,31,10,49.2,1.98,1,0.401,0
STU2191,17.1,50.0,82,8,54.1,2.59,2,0.658,1
STU2192,11.0,65.8,33,7,38.9,3.69,3,0.552,1
STU2193,18.1,48.6,43,8,30.0,2.31,1,0.512,1
STU2194,3.2,93.4,79,5,43.2,2.05,2,0.56,1
STU2195,24.7,60.8,11,8,80.7,2.52,4,0.729,2
STU2196,27.3,49.3,37,8,83.8,2.28,4,0.803,2
STU2197,27.2,41.5,35,9,59.2,3.84,2,0.638,1
STU2198,21.5,78.7,74,10,57.0,3.71,4,0.927,2
STU2199,5.4,78.2,29,7,40.7,2.9,1,0.375,0
